Type,ID,Note/Parent ID,Title/Content,Nickname,IP Location,Likes,Sub-comments/Comments Count,Matched Products,Matched Flavors,Matched Sensory,Source File
Post,66e6d68b000000001e019958,,"分享最近的爱喝种草：

种草图来源于@六六叉会腰 @八月塔塔 @YUKEISEON @Cheddar
@面包超人d @不是77是七七 @野生小鱼 @饱饱没吃饱（戒糖养生版）
#种草[话题]# #种草清单[话题]# #购物分享[话题]# #饮料推荐[话题]#",-mallllli,,4439,71,饮料,,,search_contents_2026-06-24.jsonl
Post,69eb4e9e000000001b021049,,"80斤瘦子饮料🧃好喝低卡还不胖！嘎嘎瘦！

#低卡饮料[话题]# #饮料分享[话题]# #宝藏饮品[话题]# #好喝的饮料[话题]# #好喝不怕胖[话题]# #瘦子冰箱[话题]# #好喝无负担[话题]# #戒不掉的快乐水[话题]# #好喝没压力[话题]# #适合夏天的饮料[话题]#",小朱本人,,4125,56,"饮品, 饮料",,,search_contents_2026-06-24.jsonl
Post,6879c70c0000000012016522,,"活久见！娃哈哈居然还有这么多饮料没喝过？

﻿#看什么书不如看萌叔[话题]#﻿ ﻿#饮料日常[话题]#﻿ ﻿#娃哈哈[话题]#﻿ ﻿#童年饮料[话题]#﻿",种草大户萌叔Joey,,3577,178,饮料,,,search_contents_2026-06-24.jsonl
Post,64fdbba8000000001f03f0b1,,"💰3r的果茶你不看一下嘛！

这个数到手8杯！满满小料的果茶！[色色R]
加水就能拥有一杯小料满满的果茶～还不用放冰箱储存哦
#JOYNOW及乐[话题]# #自制饮品[话题]# #自制神仙饮品[话题]#
#自制果茶[话题]#",JOYNOW及乐,,3223,27,饮品,,,search_contents_2026-06-24.jsonl
Post,68233c950000000023000660,,"消肿掉秤神器 🇬🇧

配方和材料如图 ：
抹茶粉＋椰子水=低卡清肠神饮
钾含量double的懒人瘦子水
完美替代冰美式/ 消水肿超牛
加满冰块 简单一冲即饮
清爽好喝/ 适合夏天！
椰子水的清甜刚好中和抹茶的苦
几乎没热量
英区身材管理的留子快去试试
#快乐减脂水[话题]# #英国留学生[话题]# #夏日饮品[话题]# #低卡饮料[话题]# #抹茶[话题]# #英国减肥[话题]# #夏日冰饮[话题]# #英国美食[话题]# #自制神仙饮品[话题]#",Yitian,,2970,55,"饮品, 饮料, 即饮",椰子,苦,search_contents_2026-06-24.jsonl
Post,670cf89a000000001600fd77,,"比北冰洋好喝100万倍…

丈母娘家楼下的综合进口超市，28元8个，今天有氧2小时回来一身汗有点口渴，打开一个尝尝，我勒个去，北冰洋Pro Max，本来就很爱和怡泉+C黄色那个，想着这个西柚味道没喝过买来试试，真是太惊喜了，最主要的是港版是白砂糖配方喝了不粘嘴后味也不会让嘴里发酸，强烈推荐！！！
	
#好喝的饮料[话题]# #饮料分享[话题]# #饮料[话题]# #饮品推荐[话题]# #怡泉c[话题]#",睡姿决定发型,,2832,284,"饮品, 饮料",,后味,search_contents_2026-06-24.jsonl
Post,690db556000000000302e7f7,,"谁是最好喝的瓶装咖啡？

#咖啡[话题]#  #雀巢咖啡[话题]#  #星巴克[话题]#   #costa[话题]# #瓶装咖啡[话题]#",一百八一杯,,2773,530,瓶装,,,search_contents_2026-06-24.jsonl
Post,68c93e03000000001202148f,,"好想来回购N次低卡饮料零食清单！！附热量

每周必打卡就是家门口的好想来
每次去都感觉老鼠掉进米缸，根本出不来
好吃的实在太多了，价格还很划算！
	
整理了一波好想来多次回购的低卡饮料零食清单🧾
发现好想来还有好多自营产品，价格便宜品质也不错，现在也是越做越好啦～
给嘴馋的姐妹们做一个参考～～
	
✌️好想来自营品
✔️好想来超值果茶 115/139/140大卡
3个口味都好喝，0脂肪果茶！真茶+双重水果真果汁!果味浓郁，入口很清爽!
✔️好想来超值无糖茶 0大卡
0糖0脂O卡！茶香浓郁！入口不涩！三个口味都好喝！
每天换着喝~不爱喝水可以喝这个！清爽解渴！
✔️好想来甄选东方精酿青提茉莉 140大卡
度数只有3.3%vol，适合女生小趴菜喝！还加了3%真实果汁，喝起来香香甜甜的带点酒味，微醺刚刚好～
✔️好想来解馋仔猪肉脯 124大卡
吃过一次就上瘾！巨好吃！用的特级猪后腿，肉质紧实有嚼劲，越嚼越香！
✔️好想来软软一口麦厚切吐司 278/282大卡
有牛乳和全麦两种，是厚切吐司，吃着很松软也很有嚼劲，奶香味和麦香巨浓，早餐吃很不错
✌️饮品类
✔️红心芭乐 99大卡
芭乐脑袋冲！果味很浓郁，酸甜清爽，果汁味很足，好好喝！
✔️羽衣甘蓝复合果蔬汁 106大卡
酸酸甜甜很清新，加冰喝起来更爽口！适合不爱吃蔬菜水果的👭满满维C和膳食纤维～
✔️摩奇桃汁 88大卡
包装好可爱！桃子味很浓郁，香香甜甜的～冷藏或者加冰更好喝！
✔️牵手苹果汁 90大卡
小时候吃青苹果的味道，酸甜偏酸，很清爽～
✔️牵手生椰拿铁 104大卡
感觉比瑞的生椰拿铁甜一点，加冰就正好，性价比很nice，工位必囤～
✔️高乐高可可椰椰 90大卡
高乐高独特的可可味，一口喝回小时候，搭配椰浆，超级好喝！！
✌️零食类
✔️山椒尖尖笋 13大卡
酸辣脆爽！一整根吃好过瘾！
✔️魔芋爽 20大卡
香香辣辣！Q弹有嚼劲，吃不腻!
✔️风吃海带 9大卡
超入味，鲜辣爽口
✔️藕片 38大卡
又香又辣，脆脆的，很解馋!
	
⚠️每个月8号是好想来会员日，全场88折！囤货超划算✌️
真心推荐大家去好想来逛逛，不管是宅家追剧、办公室解馋，还是朋友聚会，都能找到合适的零食！
#好想来[话题]##好想来零食乐园[话题]##好想来零食推荐[话题]# #好想来品牌零食[话题]##宿舍零食[话题]# #办公室必备小零食[话题]##零食测评[话题]##追剧零食[话题]#",不爱洗头爱干饭,,2567,68,"饮品, 饮料","生椰, 茉莉",涩,search_contents_2026-06-24.jsonl
Post,68f8ab260000000007039938,,"🍹Mark一些减脂期可喝的低糖饮料（低卡版

#低卡饮料[话题]# #饮料分享[话题]# #无糖[话题]# #饮品推荐[话题]# #饮料[话题]# #好喝的饮料[话题]# #减脂[话题]# #轻负担饮品[话题]# #宝藏饮品[话题]# #健康饮品[话题]#",星星小果子⭐,,2322,9,"饮品, 饮料",,,search_contents_2026-06-24.jsonl
Post,69492a28000000001f008695,,"难得最近爱喝的瓶装饮料都在家🏠

嗝——
#好喝的饮品[话题]# #饮料[话题]# #无糖茶[话题]# #气泡[话题]#",小球球球球,,2272,135,"饮品, 饮料, 瓶装",,,search_contents_2026-06-24.jsonl
Post,69baaf0b000000002301e017,,"测评 某子熟了 无糖果茶

无美颜无滤镜，真实开箱测评，只说真话，纯主观体验
#测评[话题]# #真实测评[话题]# #零食测评[话题]# #果茶[话题]# #饮料[话题]#",橘子测评🍊,,1964,73,饮料,,,search_contents_2026-06-24.jsonl
Post,68f0e508000000000402a9c9,,"网友没骗我！简直是牛马的“灭火水”本水！！！

是谁一到下午三点就工位摸鱼，眼神呆滞😳，喉咙冒烟😤？
是我！🙋‍♀️🙋
直到我在便利店冰柜里，盲买了这瓶维他低糖薏米菊花茶🌼
直接打开了新世界大门！🥤
	
一打开就能闻到超治愈的菊花香🌼
喝起来是那种很自然的清甜，完全不是齁甜！
听说每瓶都用了4朵杭白菊 原花浸泡🌼
🫘薏米的味道轻轻柔柔的，和菊花配一脸
喝完嘴巴里还会留下一丝凉凉的回甘～
感觉整个人能从里到外“静”下来了！
电脑屏幕前的烦躁感都被抚平了😌～
再仔细看配料表，它居然是低糖的！难怪一点都不会齁嗓子
吃火锅🥘烧烤🍢的时候配一瓶，清爽解腻一级棒！
现在它已经成功晋升为我的“工位续命专属甜水”，比喝奶茶负担更轻，比喝白水有滋味！✌️
姐妹们，听我的，快去试试！
#维他[话题]# #维他菊花茶[话题]# #维他低糖薏米菊花茶[话题]# #这一菊心情不怕燥[话题]# #办公室必备[话题]# #健康饮品[话题]##解腻饮品[话题]# #下午茶饮料[话题]# #",爱美萌萌哒,,1885,23,"饮品, 饮料","菊花, 奶茶",,search_contents_2026-06-24.jsonl
Post,6890965a0000000005006c12,,"分享一些夏天爱喝的饮料(健身/控糖/干净)

⚫️近期常喝度排名：
▪️盒马(紫玉米须茶)
▪️奥蔓庄园(无糖巴旦木奶)
▪️山姆(弱碱性天然矿泉水)
▪️三得利(纯茶)
▪️沃集鲜(纯牛奶)
▪️百菲酪(水牛奶)
▪️UCC(职人黑咖啡)
▪️沃尔玛(葡萄汁&苹果汁)
▪️泰象(气泡水)
▪️oatly(燕麦大师)
	
直接喝：紫玉米须茶/各种纯茶
健身喝：黑咖啡/矿泉水
咖啡奶：巴旦木奶/水牛奶/燕麦奶
自制酸奶：沃集鲜纯牛奶
气泡饮品：气泡水加葡萄汁或苹果汁
	
#韩国饮料推荐[话题]# #低卡饮料[话题]# #清爽夏季饮料[话题]# #巴旦木奶[话题]# #植物奶[话题]# #茶[话题]# #牛奶[话题]# #爱喝的饮料[话题]#",t🍅mato,,1746,10,"饮品, 饮料",,,search_contents_2026-06-24.jsonl
Post,69b16578000000001d0274ec,,"跟着小红书买了

我将挨个测评[暗中观察R]#一买一个不吱声[话题]# #零食[话题]# #饮料[话题]# #奶茶[话题]#
💡二编p2，适合减肥！
💡三编p3，感觉青提味道重一些，对我来说有点甜（我：茶姬最少糖，瑞幸不加糖），夏天加冰块应该更好喝！
💡四编p4，没有我在云南喝的鲜榨石榴汁浓，不过喝完嘴巴里回味是石榴的味道，没有那种酸涩感，可以兑茶（像p1、东方等，茉莉味的更佳）
👀没想到这么多人看这条帖子，评论区味道有争议的我还没喝，我想着要是不好喝我就兑咖啡液配早饭闷了（今早喝的燕麦拿铁所以下午打算喝果汁）。等我有时间了尝完并整理评论区，又有好多水水可以喝了🥰
💡五编p5，香香的柚子味！不是很甜！作为下饭的小甜水我喜欢！
💡六编p6，不愧是争议很大的那位，没喝出来茉莉的味道，微微涩，像苹果醋！但是比苹果醋适口，做成美式要好喝一点。
💡七编p7，昨晚配夜宵尝了，没我想象中的甜，整体淡淡的，属于我比较能接受的梨味，我还感觉有点像不那么甜的银耳汤。
💡八编p8，甜甜的芭乐气泡水，我喜欢半杯冰🧊，倒在玻璃杯很好看！今天没放薄荷，有薄荷更绝了。
💡九编p9，凤梨话梅气泡水！话梅糖浆自己随便熬的，吃不完的凤梨凿碎，加上气泡水（我选的没味道的，加雪碧应该也好喝），非常适合夏天！我也觉着我不能天天喝有添加剂的小甜水吧，所以还买了榨汁杯，对自己太好了🥰。
💡十编p10，凤梨苹果茉莉花茶，一起榨汁还挺清爽的，一直加茉莉花茶就像最近很火的繁衍喝法，我喝着还没有心理负担，味道是酸甜的。（这条帖子暂时这样，更太多了[捂脸R]后面喝啥我再重新开，没想到这么多人，全靠评论区姐妹的分享，我怕天天喝小甜水不好，在克制了[哭惹R]后面再慢慢发帖，谢谢大家的分享😊）
☀️还没喝完，But千人千味，我只能在糖度上给点参考，谢谢大家❤️这条帖子，受宠若惊。
	
🥂新买了🛒重开了一条帖子，这次买的依旧没喝过（看着也不那么甜）等我测评[亲一个R]",耙耙柑殿下,四川,1689,214,饮料,"茉莉, 奶茶",涩,search_contents_2026-06-24.jsonl
Post,66c5bbdf000000001d016b7b,,"早8咖啡人的一些降级消费🥲

每天要喝2杯咖啡的我 - 已老实🥲
尝试了下这种瓶装的咖啡 发现也还行噢
放办公室冰箱里冻住 早上回到去倒一杯就能喝
黑色版（我图片上的）咖啡味还挺香 很友好～
白色版（ 带糖的 ）别买‼️巨难喝……
—
帮你们到这👅
#平价黑咖啡[话题]# #美式咖啡[话题]# #咖啡日常[话题]#",我有吉士先吃,,1607,463,瓶装,,,search_contents_2026-06-24.jsonl
Post,69de362f000000001a0219bc,,"痘肌放心喝，超级解馋❗️不长痘❗️

无广告分享，口味因人而异啦～
#00:20[时刻]# 1、果汁（亚麻籽油胡萝卜汁）
#00:50[时刻]# 2、无花果亚麻籽水
#01:11[时刻]# 3、银耳多糖水
#01:31[时刻]# 4、黑豆豆浆
#01:59[时刻]# 5、苏打气泡水
#02:27[时刻]# 6、果汁（番茄汁）
#02:52[时刻]# 7、三倍油切生茶
#痘肌饮料[话题]# #痘肌饮食[话题]# #宝藏饮品[话题]# #好喝没压力[话题]# #好喝又健康[话题]# #低卡饮料[话题]# #健康饮品[话题]# #饮品推荐[话题]# #低卡饮料[话题]# #无糖饮料[话题]#",大源fafa（痘肌上岸）,,1512,13,"饮品, 饮料",,,search_contents_2026-06-24.jsonl
Post,68a1d881000000001d00a8f7,,"小众饮料分享🧃每年夏天必囤的低卡0糖饮料

#低卡饮料[话题]# #解腻饮品[话题]# #饮料分享[话题]#
#冰箱里面有什么[话题]# #健康饮品[话题]# #宝藏饮品[话题]#",胡亦楠,,1476,93,"饮品, 饮料",,,search_contents_2026-06-24.jsonl
Post,6919c692000000001b03338b,,"不用炖煮的燕窝水牛奶！一杯奶茶钱拿下～～

姐妹们百菲酪这个燕窝奶真的很难不爱哎！
不用担心不会熬煮，开盖即饮，超级方便～～
	
[星R]进口印尼核心产区金丝燕燕窝，每瓶干燕含量就有500mg！用料一点也不含糊～
[星R]融入广西灵山水牛奶，丝滑浓郁的奶基底，越喝越想喝！！
	
到手一瓶一杯奶茶钱
普通女孩子也能实现燕窝水牛奶自由啦！！
#百菲酪水牛奶[话题]# #牛奶推荐[话题]# #早餐喝什么[话题]# #营养又好喝[话题]# #百菲酪燕窝水牛奶[话题]# #水牛奶[话题]# #比奶茶还要好喝[话题]# #燕窝[话题]#",百菲酪水牛奶,,1263,57,即饮,奶茶,,search_contents_2026-06-24.jsonl
Post,6858eac40000000023006090,,"好喝到暴饮！！求求出个1L装

啊啊啊柠檬共和国的新品也太好喝了吧
而且都是0脂肪低卡
喝着没负担
	
🍋爆汁三柠味
真实加了三种NFC柠檬汁
果汁含量≥10%✔️
第一口下去
能喝到四川尤力克黄柠檬的酸爽
然后是广东香水柠檬的清香
还有云南塔希提柠檬的独特风味
气泡轻盈！清爽解腻 ！
冰镇后喝绝绝子
	
🍒山野杨梅味
添加了NFC云南东魁杨梅汁
果汁含量≥15%
酸酸甜甜的～
杨梅那股子鲜劲直接拉满
气泡超足！
解腻又过瘾
太适合吃大餐的时候来一瓶啦
	
🍈粉柠荔枝味
双重NFC原汁
果汁含量≥15% ✔️
广东乌叶荔枝的清甜+四川尤力克柠檬的酸
酸甜平衡得刚刚好～
气泡绵密
喝着果香四溢！
	
小小一瓶也不用担心喝不完！！
姐妹们快冲
#柠檬共和国[话题]# #电气柠气泡水[话题]# #新品饮料[话题]# #好喝的气泡水[话题]##柠檬共和国新品[话题]# #爆汁三柠[话题]# #山野杨梅[话题]# #粉柠荔枝[话题]# #电气柠气泡水[话题]# #夏日快乐水[话题]# #柠檬共和国迷你气泡果汁[话题]# #迷你气泡果汁[话题]#",吃货小鱼,,1261,28,饮料,,,search_contents_2026-06-24.jsonl
Post,690b1c23000000000700b61d,,"内服好物

4款内服好物亲测！喝出好状态不踩雷＃内服好物 ＃真实种草 ＃胶原蛋白饮 #提亮肤色[话题]# #熬夜党必备[话题]#＃抗衰内服 ＃五个女博士胶原蛋白
肽#晓姿7d驱动饮[话题]# #优缇利小白瓶[话题]# ＃白蛋白肽 ＃女生内服好物#变美小技[话题]#巧",闻喜ii,,1.6万,24,"胶原蛋白, 蛋白",,,search_contents_2026-06-24.jsonl
Post,65f02c87000000001203ca57,,"💚💓哇，这款敲漂亮的春日饮品也太好喝了叭

* 𝒚𝒖𝒎𝒎𝒚
这杯颜值敲高的饮品一出
春天的气息就扑面而来了
不仅搭配漂亮，味道也敲好喝‼️
桃香和茶香、奶香三种味道也融合的很好，没有一丝违和感
没想到蛋白粉也能被我喝出花诶hhh
🌿VIFIT乳清蛋白粉新出的元气桃桃口味真的很赞
里面有真实果蔬料添加，入口一股水蜜桃的清香hin不错
0蔗糖0激素 而且高蛋白 热量比1个苹果还低
减脂期喝也是轻轻松松
❗关键是小小一袋26g就含有20g蛋白质 相当于100g牛肉的蛋白质含量了
亮氨酸含量也是同等重量牛肉6倍！不爱吃肉的姐妹快看过来！
它独立的包装hin合我的心意，每袋重量都是固定的，
也不需要我自己称量了，用起来好方便
🫡不过记得VIFIT小燃条要用40度以下的水冲泡哦~
⚋̤̫⃝ ༛̥⃝ ◡̈⃝  ⍢⃝ ⠒̫⃝ ʚ◡̈⃝ɞ ⍢⃝ ⍤⃝ ⍥⃝ ⍨⃝ ⍩⃝⃜
📝
🔚
Thanks for watching.
👋🏻👋🏻下期见
#好喝的饮品[话题]##VIFIT[话题]# #VIFIT女性蛋白粉[话题]# #VIFIT蛋白粉[话题]# #VIFIT小燃条[话题]# #女性喝的蛋白粉[话题]##蛋白粉减脂喝法[话题]##生活化减脂[话题]##健康饮食[话题]##自制神仙饮品[话题]##春日喝桃身材出挑[话题]#",Cheryl是赖赖呀🐋,,8747,33,"饮品, 乳清蛋白, 蛋白",,,search_contents_2026-06-24.jsonl
Post,69d73b720000000023023157,,"爱女士认证好喝

一杯20g蛋白这不纯纯好喝蛋白粉吗
#星巴克高蛋白拿铁[话题]# #好喝爱喝还想喝[话题]#",仙鹤老师,,4142,60,蛋白,,,search_contents_2026-06-24.jsonl
Post,683140ca000000002300d66b,,"美从口入！选对搭子，素颜状态震惊所有人！！

漂亮吃出来~
一、以黄去黄
二、养肤搭子
营养缺失，蛋白质补上！
品酷蛋白营养饮，我的养肤好搭子
15g优质蛋白补充一天所需，还有c多营养叠加
素颜也好看
#品樱花活力焕春日美力[话题]# #实力蛋白饮做健康C人[话题]# #品酷液体蛋白[话题]# #品酷运动营养[话题]# #品酷蛋白饮[话题]# #品酷蛋白营养饮[话题]# #女生必看[话题]# #内调[话题]# #护肤[话题]# #养生[话题]# #护肤干货[话题]#",会点AI的知知,,3382,5,蛋白,,,search_contents_2026-06-24.jsonl
Post,68760762000000000d018ebd,,"1万瓶 共1吨 1年时间 171人双盲实验！

结果没想到，知名产品 ﻿#胶原蛋白肽[话题]#﻿竟然...﻿#老爸抽检[话题]#﻿ ﻿#胶原蛋白[话题]#﻿",老爸评测,,2415,232,"胶原蛋白, 蛋白",,,search_contents_2026-06-24.jsonl
Post,693bbe4c000000001f00acff,,"答应我 一定要尝尝看好吗

#英国留子[话题]# #健身人健身魂[话题]# #健身[话题]# #蛋白饮[话题]# #生活[话题]#",没错是珍妮啊,,2172,146,蛋白,,,search_contents_2026-06-24.jsonl
Post,6a0fe8c8000000003700f877,,"原相机一个月打卡，皮肤变化太惊人了

过了25岁胶原流失快，坚持喝了一个月胶原蛋白肽，状态明显上升，跟同龄人站在一起变化居然这么大
#胶原蛋白[话题]# #护肤保养[话题]# #养生好物[话题]##五个女博士[话题]# #五个女博士胶原蛋白肽[话题]# #熬夜党自救[话题]# #女生内服[话题]# #护肤心得[话题]##万物皆可淘[话题]#",白梦zzZ,,2125,9,"胶原蛋白, 蛋白",,,search_contents_2026-06-24.jsonl
Post,69450866000000001e00271a,,"这才是成年女性该碰的玩意儿！！！

谁跟我一样啊！！每次p图必调三件套：一提下颚线，二平法令纹，三搞苹果肌！明明年纪不大，脸却悄悄往下走...硬给造成这样真破防了！
	
直到重逢快两年没见的闺蜜，她刚从日本放假回来，我都不敢信！！整体状态和两年前一模一样！轮廓清晰一点没垮，说不羡慕是假的！！哪成想她默默塞给我几盒她一直在喝的晓姿塑颜饮，让我坚持试试
	
咱就说，这玩意儿咋就这么神奇啊！！最近拍照，直接有种骨相填充的饱满紧致感！！我特意扒了扒成分表，才明白它为什么k衰这么狠，原来这支的王炸核心就是99.9%高纯度麦角硫因！搭配25mg的PQQ，强强联手筑起“抗垮支架”，再加上8000mg三重胶原肽+弹性蛋白，把流失的胶原一口气补进去，难怪叫精修内服，这路子太野了！
	
关键是液体剂型真的赢麻了！比那些难咽的片剂、胶囊好吸收太多，喝起来还带点清甜的晴王葡萄果香味，完全不用捏着鼻子灌。与其在我梳妆台找堆成山的瓶瓶罐罐，不如由内养护，把k衰功力真正喝进皮肤里！
#内服[话题]# #胶原蛋白饮[话题]# #晓姿塑颜饮[话题]# #下颌线养成[话题]# #晓姿[话题]# #晓姿麦角硫因[话题]# #内服推荐[话题]# #PQQ[话题]##晓姿精修饮[话题]#",南屿（干货种草版）,,1727,58,"胶原蛋白, 蛋白",,,search_contents_2026-06-24.jsonl
Post,6a1fc88e000000002202ed0d,,"不爱喝粉的健身人

训练四年来，不怕训练酸痛感，不怕减脂碳水少，怕的就是喝一些低品质蛋白粉，我是真的能喝出来腥味和添加剂味道。但品酷鲜萃蛋白真的赢麻了，不是粉兑水！是24小时生鲜牛乳低温直萃，一口喝得到的鲜润奶感，清爽顺滑不腻。
✅ 够新鲜
24小时内从牧场到工厂
低温物理膜分离锁鲜，保留原生营养
喝得出的新鲜，不是概念！
✅ 蛋白够顶
每瓶30g优质蛋白，一瓶顶满训练后需求，小巧随身带超方便，三重蛋白矩阵，日夜都能稳稳补给。
✅ 负担够轻
脂肪含量极低，身体零压力
0蔗糖0乳糖，配料表就生牛乳和分离乳清蛋白，干净纯粹
乳糖不耐也能安心喝
开瓶即饮，不用摇杯不耽误练后黄金时间
硬核训练党闭眼入
原味纯粹，百搭不挑口
运动女孩的干净营养补给
新鲜+高蛋白+轻负担一步到位
健身包常驻选手，闭眼冲不亏
#品酷蛋白饮[话题]# #品酷[话题]# #品酷鲜萃蛋白[话题]# #今儿练了吗[话题]# #运动万粉助力计划[话题]# #100天运动打卡挑战[话题]# #训练[话题]# #健身[话题]# #健身穿搭[话题]#",无敌天才小孔静,浙江,1491,63,"乳清蛋白, 即饮, 蛋白",,,search_contents_2026-06-24.jsonl
Post,69ec75ea000000001a036869,,"别人喝奶茶，我喝蛋白水，悄悄赢麻了

天热了以后健身频率也跟着高起来了
每次出门都要带蛋白粉真的是很麻烦
一直想找一款方便携带还能补充蛋白质的饮品
这次直接被悦果乐这瓶【蛋白十刻】双蛋白闪充饮惊到了！
✅ 一瓶10g蛋白质，不用冲泡，开盖即饮，直接把「补蛋白」这件事的效率拉满！
✅ 而且质地很清爽，完全没有传统蛋白饮的厚重感和腥臭味，入口是清爽的蜜桃果味，0糖0脂还不用担心热量！
懒人、控糖党、健身党闭眼冲都不踩雷！
直接囤就完事！
#悦果乐蛋白十刻[话题]# #双蛋白闪电饮[话题]# #蛋白饮推荐[话题]# #减脂好物[话题]# #控糖饮品[话题]# #健身补给[话题]# #懒人养生[话题]##蛋白水[话题]##悦果乐[话题]#",Nina,,1324,37,"饮品, 即饮, 蛋白",奶茶,,search_contents_2026-06-24.jsonl
Post,6a0d7193000000000702d0bc,,"练了没线条？补对蛋白，身形才会变紧致！✨

以前做身材管理，我就只会 “少吃 + 猛练”：体重秤数字降了，可胳膊一抬 “拜拜肉” 晃得明显，穿无袖都不敢抬手；更糟的是，稍微多吃点就反弹，教练说我这是饿掉了肌肉和水分，不是真的练出了紧致线条。
也知道运动后要补蛋白，可普通蛋白粉要么有腥味咽不下去，要么冲不开结块，喝完杯子还难洗，坚持 3 天就放弃了。后来被健身搭子安利雀巢美版蛋白补，说它喝着像饮料，我才抱着试试的心态入手。
没想到一喝就爱上！它冲调特别方便，冷水或牛奶倒进去摇两下就化开，一点结块没有，喝完杯子用水一冲就干净，不用费劲刷；我常兑在美式咖啡里当早餐，完全没有蛋白粉的怪味，现在每天都有点期待这杯 “蛋白咖啡”。
踏踏实实喝了快两个月，配合每周三四次力量训练：手臂和肚子的肉明显紧致了，不是干瘪的瘦，而是有线条感的紧实；穿吊带时，肩膀和胳膊的线条清晰了不少，同事还问我是不是偷偷练了普拉提；而且运动后没那么累了，第二天肌肉的状态也恢复得更快。
后来查了才知道，它含 99% 分离乳清蛋白，0 添加糖还低脂，喝着没负担；雀巢大品牌又是美版进口，品质放心。算下来一天也就十几块，比喝奶茶便宜，却能实实在在看到身形变化。
618 趁活动囤了几罐，够喝好几个月，性价比很可！如果做身材管理怕掉肌肉、想要紧致线条，真心建议试试把蛋白补到位，身形会悄悄给你惊喜～
#雀巢美版蛋白补[话题]# #蛋白粉[话题]# #身材管理[话题]# #减脂日常[话题]# #内服好物[话题]# #优质蛋白质[话题]# #雀巢[话题]##618必买好物[话题]##减脂塑形[话题]#",夜游秦淮河,,1106,22,"乳清蛋白, 饮料, 蛋白",奶茶,,search_contents_2026-06-24.jsonl
Post,69f4c702000000001e00d5d6,,"被妈妈反复夸的礼物！精准猜中她的心

每年母亲节都纠结送什么
鲜花会谢、首饰不实用
今年直接给妈妈安排身体健康礼物✨
-
好多姐妹跟我推荐这款斯维诗蛋白粉
我做了功课才知道
这是澳洲进口品牌，有足足50年的口碑攒在这里
澳洲大牌品质也放心，送妈妈超体面
-
✔实测10.6g天然免疫蛋白
这个免疫蛋白含量我真的双手点👍
像妈妈换季易中招、熬夜操劳身体差
长期喝体质稳稳在线，⬆️身体🛡
少掉线🤧少难受，才是儿女最大心愿
-
✔足足83%的高蛋白含量
上了年纪肌肉流失、没精神
日常蛋白跟不上，出去遛个弯儿都得歇两回
每天一杯补足营养，提升🛡元气满满
-
✔高消化好吸收，不给身体添负担
实测消化率95%
像肠胃弱、乳糖不耐、不爱吃肉的妈妈们都能喝
0添加蔗糖等科技成分，三📈也适合
温水一冲就化开，奶香清甜完全不腥
-
简约高级礼盒包装🎁
自带礼袋不用额外包装
高高级耐看，长辈收到超喜欢
-
爱不用嘴上说
把日复一日的健康呵护送给妈妈
愿她永远精力满满、健康无忧～
	
#斯维诗复合蛋白粉[话题]#  #斯维诗蛋白粉[话题]# #Swisse复合蛋白粉[话题]# #Swisse蛋白粉[话题]##万物皆可淘[话题]#
#母亲节礼物[话题]# #母亲节送礼攻略[话题]# #送妈妈礼物[话题]# #长辈养生好物[话题]# #实用母亲节礼物[话题]# #健康送礼首选[话题]#",橙晨陈子,,1053,9,蛋白,,,search_contents_2026-06-24.jsonl
Post,69ccd06000000000220290e9,,"身体恢复休养期，喝对是关键！

有没有同款家人？😮‍💨
明明处于休养期、身体最需要营养“加油”的时候，
对着饭菜就是发呆，筷子拿起来又放下……
胃口、体力、消化，样样都“掉链子”
-
回来又在🍠做了许多功课才明白💡
休养恢复期，光靠一日三餐根本扛不住
身体在疯狂消耗🔥肠胃却格外脆弱
吃进去的跟不上消耗的，人自然越来越虚
这时候营养可不能瞎补❌
普通蛋白粉成分太单一，食补汤品油大营养少
真正懂的人，都在看“医学营养品”——
专门针对恢复期、体弱恢复慢、消化吸收差、营养不足人群设计的全营养配方✨
-
对比了无数款之后，我果断选了这个👉澳版雅培全安素
✅源自百年医疗健康品牌雅培，科研实力硬、口碑在线
✅Ensure家族在全球研究文献数量高达250多篇，有实打实的数据支撑，效果才不是口说无凭
✅新西兰原装进口，还是澳洲药房及营养师同款，妈妈以前就信任澳洲的营养品，喝这个更没有心理负担
-
一杯下去，营养直接拉满💪
6大类35种营养元素一步到位
再也不用每天记着吃这样那样的瓶瓶罐罐了
三重优质动植物蛋白组合，不挑肠胃
⚡高能量配方 吃得少也能把营养补够
特别添加膳食纤维，肠道舒服，人也轻松
-
粉质特别细腻，冲泡简单不结块
口感清淡不腻！喝起来没有奇怪的奶腥味，长辈接受度很高
稳稳补足三餐吃不够的营养
长辈健健康康，就是我们做子女最大的心安❤️
#澳版雅培全安素[话题]# #妈妈康复日记[话题]# #医学营养[话题]# #医学营养补充[话题]# #雅培[话题]# #雅培均衡营养粉[话题]#",每天都超级超级e,广东,903,17,蛋白,,"奇怪, 药",search_contents_2026-06-24.jsonl
Post,690c417d0000000005011588,,"30岁金融女，不do也可以稳住状态磁场

前阵子疯狂迷恋光电美美，热玛吉、光子轮着来，体验过是真惊艳，但总觉得少了点底子支撑，没开心几天就露怯了😐
本来金融这行就卷，加班很常见，加上美美很难补上皮肤亏空，而且我一加班就熬夜，脸地基直接摆烂！连带biu完的细腻感都没了，素颜上班连同事都问是不是没恢复好......
	
直到一个关系很好的伊的家达人给我复盘，美美是外力塑形，还要内在加餐才行，这话一下点醒我，刚好有一个妍膳美时光盒的新品内测名额，光速入坑~
	
当然打工人不做冲动体验，我回去立马认真做了功课：
它主要是通过“清、稳、代、修”4个维度，很系统的思路来给内在加餐
而且它里面添加的是PQQ这种内调明星成分，添加的纯度高达99.5%，还有纯度专利（专利号：ZL 2023 1 1264114.2），一点概念擦边都不打，就喜欢这种实实在在的产品
再搭配上小分子胶原蛋白三肽的助攻，吸收效率都变高了，实打实把营养喂到底层！
	
口感也很戳我，酸酸甜甜就像在喝小甜水一样，但又不含蔗糖激素，坚持起来毫不费力。
对我这种既想见效又不爱依赖美美的人来说，内调就像给皮肤办了张“长期存折”。不需要费力折腾，却能慢慢养出让人一眼就注意到的好状态。
	
💫特想对每一个在家庭与职场间奔波的你说：我们总为KPI、为孩子、为生活不断输出，却常常忘了，最该被温柔以待的，是自己。
不要等到疲惫刻在脸上，才想起要多爱自己。
在未来某个不经意的时刻，终会回报你全场的目光。
你值得被爱，也值得被看见
	
#妍膳美[话题]# #伊的家护肤达人[话题]# #伊的家[话题]# #伊的家内调[话题]##妍膳美产品怎么样[话题]##内调外养[话题]##打工人好物分享[话题]##30岁[话题]# #伊的家真实评价[话题]#  #伊的家[话题]# #伊的家产品值得买吗[话题]##妍膳美时光盒[话题]#",栀慢慢,,857,134,"胶原蛋白, 蛋白",,,search_contents_2026-06-24.jsonl
Post,68ecddd40000000003012204,,"25+班味救星！胶原饮喝出韩女肌

-
记得刚过25岁那半年，小熬一点夜脸蛋就疲得不行❌肉眼可见的“地心引力”后遗症，下颌线也模糊成一团。崩溃的是，涂很贵的精华总感觉浮在脸上，朋友见了都问我是不是身体不舒服，整个人老了好几岁😭
-
搜了好多功课，针对这种情况，很多姐妹推荐可以内服胶原，从内补充逐渐养出好状态，试过好几款胶原饮，我现在也算是小白鼠翻身了，今天就唠唠我准备大促囤货的✍️五个女博士胶原蛋白肽EGCG饮，刷新我对内服的认知！
我选的是她家的升级肽，更适合25+熟龄肌或熬夜党，先说说我的直观感受！早上洗完脸摸脸，是那种由内而外的清爽，不是护肤品堆出来的假滑。拍照也不用狂P小括号了，素颜都很上镜！
-
当然想持续复购也是因为它的成分真的太能打了！
⭕️成分足量 科学配比
每瓶8000mg胶原蛋白肽+100mg弹性蛋白肽，胶原含量是人体起效量的三倍多。
双肽cp，胶原补的更到位，就像给脸蛋搭架子，胶原蛋白肽是钢筋，弹性蛋白肽是水泥，强强联手把胶原补得牢牢的。
而且是优质鱼胶原蛋白肽，平均分子量小于1000道尔顿，这种分子量喝了就能被身体直接吸收，喝了就不浪费！
⭕️专利技术 能延缓胶原流失
自研“胶原护盾”技术，添加专利原料CollaShieldPro®（中国发明专利号：ZL 2022 1 0608037.7），不光补胶原，还能减少流失，让胶原蛋白的合成进入一个正向循环，当补充的速度远超流失，肌肤自然能持续累积能量。这才是关键啊！
⭕️1瓶满足多种养护需求
胶原+玻尿酸，双管齐下，（含有100mg透明质酸钠+500mg壳寡糖+100mgEGCG）
补胶原的同时还能补玻尿酸，难怪脸蛋摸起来软乎乎的，省了一笔面膜💰！
-
口感清甜的枇杷味，很好喝！没有腥味怪味，口味喜欢才能更好坚持，每天睡前喝一瓶，已经成了我的习惯。关键是0激素0脂肪（通过146项无激素检测，可以问客服随时要来看），热量不到半个苹果，对控卡期的太友好了
-
最后想和姐妹们说：内服真的是越早开始越好，别等刹不住车了才着急。五个女博士这款我已经回购第四盒了，真心安利给想稳住状态的姐妹！
-
#五个女博士胶原蛋白肽EGCG饮[话题]# #胶原蛋白肽[话题]# #万物皆可淘[话题]# #五个女博士[话题]##班味脸救星[话题]# #内服护肤[话题]##内服好物[话题]# #好气色[话题]##内服[话题]# #胶原蛋白肽[话题]# #内调外养",麦田的冬,,688,35,"胶原蛋白, 蛋白",,,search_contents_2026-06-24.jsonl
Post,6a28f1fc0000000015026134,,"运动男孩的鲜萃蛋白饮

说真的，以前喝蛋白粉最烦的就是忘记洗杯子，下次喝的时候打开杯子那个腥味无敌冲头🫠
后来健身搭子给我分享了个高含量蛋白饮
	
品酷鲜萃蛋白是用新鲜生牛乳低温浓缩成的，24小时内从鲜牛乳变液态蛋白，喝起来就像清爽的牛奶，完全没有蛋白粉那股粉腥味。每瓶足足30g高优质蛋白，但脂肪含量压得特别低，100ml只有0.9g，也没有蔗糖乳糖，控碳期喝着毫无负担。而且不用冲泡、不用摇摇杯，拧开盖子就能干，练后随手一瓶，刚好卡准吸收黄金期。
	
最近早上来不及吃饭，也先闷一瓶，顶饱又干净。我发现配黑咖啡味道也挺好🥤
早餐就让我9种人体必需氨基酸齐全，2:1:1的BCAA黄金配比，不爱吃鸡蛋牛奶的懒人福音！经常运动、追求好身材的兄弟，这瓶蛋白饮真的来试一下。
	
#品酷蛋白饮[话题]# #品酷[话题]# #品酷鲜萃蛋白[话题]#
#健身日常[话题]# #健身打卡[话题]# #见人不如健身[话题]#",刘豪俊辰,浙江,675,15,蛋白,,,search_contents_2026-06-24.jsonl
Post,6a1e8efe000000002102200d,,"气色掉队  滋养新思路把奶茶换成优质蛋白

久坐＋带娃，气色真的容易掉队💨
奶茶喝多了反而更疲惫🥤
作为成分党＋营养师，我换了个思路👇
	
轻简日纪·五养益生菌蛋白粉（菠萝味）🍍
✅ 荷兰菲仕兰乳清蛋白（和美素佳儿同集团，150年品质），一袋蛋白＝8瓶牛奶，脂肪才＝一口牛奶
✅ 德国嘉利达VERISOL胶原蛋白肽，专利小分子
✅ 美国杜邦4株益生菌，每袋30亿活菌
✅ 五养：养肌·养肤·养肠·养气色·养体态
	
菠萝味清爽，3秒速溶，冷水摇一摇就能喝🥤
早起一杯，下午替奶茶，喝完不罪恶，气色也在线🌱
爱自己，从换掉这杯开始～
#益生菌蛋白粉[话题]##女性蛋白粉[话题]##营养蛋白粉[话题]##代餐[话题]##饮食记录[话题]# #我的日常Vlog[话题]##高蛋白低脂肪[话题]# #五养蛋白[话题]# #3秒速溶[话题]# #胶原蛋白肽蛋白粉[话题]# #办公室轻养[话题]# #轻简日纪[话题]##姜黄黄精[话题]#",Wendy解成分,广东,646,8,"乳清蛋白, 胶原蛋白, 蛋白",奶茶,,search_contents_2026-06-24.jsonl
Post,6a0d7f00000000003501ef36,,"女生好状态全靠日常补蛋白！养好底子气色开

#蛋白粉[话题]# #内服好物[话题]# #女性保养[话题]##Organika奥加尼卡[话题]# #Organika有机豌豆蛋白粉[话题]# #女生内服好物[话题]# #减脂期好物[话题]#  #肠道健康[话题]#  #植物蛋白[话题]#  #低卡饮料[话题]# #补充蛋白质[话题]#",叨叨,,639,16,"饮料, 蛋白",,,search_contents_2026-06-24.jsonl
Post,6a04436800000000370342f0,,"170/57.68kg 健身日的水蜜桃蛋白水🍑

练完直接吨吨吨的快乐谁能拒绝啊[害羞R]
最近总是下班赶着去健身
练完健身房都要关门了
急急忙忙的蛋白粉也没时间冲泡(其实也是忘记带)
紧急入手了蛋白十刻的双蛋白闪充饮
一瓶里面有10g蛋白质
不用冲泡等待，开盖就能喝
淡淡的水蜜桃味也太清爽了吧
而且还是0糖O脂的低卡配方[爱心R]
喝起来也没用负担
小小一瓶装揣包里就走
我这种懒人健身人直接锁死了好吧[喝奶茶R][喝奶茶R][喝奶茶R]
	
#健身[话题]##撸铁女孩[话题]##刷脂[话题]##蛋白水[话题]##悦果乐蛋白十刻[话题]##运动补剂[话题]##水蜜桃味饮品[话题]##悦果乐蛋白饮[话题]##懒人健身并运动打卡练后补给乳糖[话题]# #0糖0脂[话题]#",徐先言,,636,22,"饮品, 瓶装, 蛋白",奶茶,,search_contents_2026-06-24.jsonl
Post,6a226bda000000000803fa39,,"练臀日

只要不受伤
就往死里练
感谢教练送的练后蛋白饮
	
#汗水主理人[话题]# #健身人健身魂[话题]# #我的健身日常[话题]# #健身日常[话题]# #健身的动力[话题]# #远离多巴胺追求内啡肽[话题]# #健康有力量[话题]# #见人不如健身[话题]# #健身[话题]# #热点[话题]# @热点薯",蕾娜,上海,626,24,蛋白,,,search_contents_2026-06-24.jsonl
Post,661f717f00000000030222e2,,"芒果茉莉冰奶🥭香香甜甜🤣芒果脑袋别错过

#一人食吃什么[话题]# 又来发掘新的芒果饮品啦！芒果茉莉冰奶简单又好喝，真滴太清爽啦！#高颜值饮品[话题]# #DIY饮品[话题]# #治愈系美食[话题]# #创意美食[话题]# #仙女都在喝什么[话题]# #自制神仙饮品[话题]# #竹够桂汽竹够圆[话题]# #当我们圆在一起[话题]# #饮品[话题]# #吃了甜食会开心[话题]# #自制饮品[话题]# #好喝的饮品[话题]# #芒果[话题]# #芒果控[话题]#",小梨今天喝什么呢,,3万,374,饮品,"芒果茉莉, 茉莉, 芒果",,search_contents_2026-06-24.jsonl
Post,671773a50000000021002ad8,,"沉浸式做蛋糕|茉莉花奶冻➕芒果

#沉浸式做蛋糕[话题]# #吃了甜食会开心[话题]# #海盐奥利奥蛋糕[话题]# #最好吃的奶油蛋糕[话题]# #南宁蛋糕[话题]# #茉莉花奶冻[话题]# #南宁蛋糕推荐[话题]# #南宁下午茶推荐[话题]#",嗨森cake,,2.6万,734,,"茉莉, 芒果",,search_contents_2026-06-24.jsonl
Post,663215e1000000001e033ce1,,"在家自制一杯暴打🥭芒果柠檬茶！

#自制水果茶[话题]# #自制[话题]#",沛珊,,1.5万,78,,芒果,,search_contents_2026-06-24.jsonl
Post,65a4a61f000000001d034757,,"沉浸式蛋糕制作 超厚茉莉奶冻蛋糕教程❗️

#解压[话题]# #沉浸式做蛋糕[话题]# #生日蛋糕[话题]# #蛋糕定制[话题]# #蛋糕教程[话题]# #蛋糕[话题]# #最好吃的奶油蛋糕[话题]# #沉浸式[话题]# #定制蛋糕[话题]#",痞勒在后厨,,9912,222,,茉莉,,search_contents_2026-06-24.jsonl
Post,683ead70000000002300e4a3,,"谁能拒绝一杯香甜冰爽的芒果茉莉冰茶呢！

#夏日饮品[话题]# #自制神仙饮品[话题]# #仙女都在喝什么[话题]##适合夏天的饮料[话题]# #芒果[话题]# #水果茶[话题]#",勾勾每天喝啥,,8119,71,"饮品, 饮料","芒果茉莉, 茉莉, 芒果",,search_contents_2026-06-24.jsonl
Post,677a56860000000013002b93,,"沉浸式做蛋糕丨茉莉花奶冻➕芒果 草莓蛋糕

#吃了甜食会开心[话题]# #沉浸式做蛋糕的一天[话题]# #沉浸式做蛋糕[话题]# #复古裱花蛋糕[话题]# #草莓蛋糕[话题]# #南宁蛋糕[话题]# #最好吃的奶油蛋糕[话题]# #蛋糕定制[话题]# #南宁蛋糕订制[话题]#",嗨森cake,,7751,90,,"茉莉, 芒果",,search_contents_2026-06-24.jsonl
Post,698ec7f60000000016008b8e,,"芒果茉莉冰奶🥭香甜可口、简直太好喝了！

没想到只需要 3种材料就能搞定！姐妹们快去做！#在家做饮品[话题]# #DIY饮品[话题]# #自制饮品[话题]# #自制神仙饮品[话题]# #芒果[话题]# #年夜饭饮品[话题]# #芒果茉莉冰奶[话题]# #吃商开悟大赛[话题]#",爱吃的胖达,,7006,62,饮品,"芒果茉莉, 茉莉, 芒果",,search_contents_2026-06-24.jsonl
Post,69fc3ca00000000036000096,,"芒果茉莉冰奶🥭一口入夏～简单3步搞定！

#自制神仙饮品[话题]# #自制饮品[话题]# #自制神仙饮品[话题]# #DIY饮品[话题]# #芒果冰奶[话题]# #夏日冰饮[话题]# #美食sop指南[话题]# #美食研学主理人[话题]# #howto过春天[话题]#",小七喝不胖,,5460,57,饮品,"芒果茉莉, 茉莉, 芒果",,search_contents_2026-06-24.jsonl
Post,69f0a353000000001b023d0a,,"柠香芒芒🥭，500ml出品！！！

#高品质饮品[话题]# #芒果[话题]# #夏日饮品[话题]# #柠檬茶[话题]# #餐饮店饮品[话题]# #一起豁奶荼[话题]# #饮品推荐[话题]# #好喝的饮品[话题]# #奶茶培训[话题]# #奶茶[话题]#",今点奶茶咖啡咨询（东莞）,,4915,83,饮品,"芒果, 奶茶",,search_contents_2026-06-24.jsonl
Post,6a099003000000003601e770,,"这个夏天不能没有芒果🥭茉莉冰奶～芒果的香甜配上茶香再加上奶香，一口下去香甜丝滑真的超级好喝！
#仙女都在喝自制饮品[话题]# #仙女爱喝的奶茶[话题]# #现做饮品[话题]# #上热门的奶茶[话题]#

这个夏天不能没有芒果🥭茉莉冰奶～芒果的香甜配上茶香再加上奶香，一口下去香甜丝滑真的超级好喝！
#仙女都在喝自制饮品[话题]# #仙女爱喝的奶茶[话题]# #现做饮品[话题]# #上热门的奶茶[话题]#",晓暖超爱喝,,4751,37,饮品,"茉莉, 芒果, 奶茶",,search_contents_2026-06-24.jsonl
Post,6a0c35bb0000000006035288,,"没人能拒绝1L装的芒果茉莉冰奶！！！

#芒果冰奶[话题]# #芒果茉莉冰奶[话题]# #在家做饮品[话题]# #饮料日常[话题]# #自制神仙饮品[话题]# #howto搞定0失败美食[话题]# @HOWTO薯",小梨大侠,,4433,48,"饮品, 饮料","芒果茉莉, 茉莉, 芒果",,search_contents_2026-06-24.jsonl
Post,665ee361000000000e0302cc,,"一口入夏很是上头！这杯杨枝甘露真的超哇塞

#饮品[话题]#  #自制神仙饮品[话题]#  #自制饮品[话题]#  #茶饮[话题]# #杨枝甘露",一个深情的饮品师,,3321,67,饮品,,,search_contents_2026-06-24.jsonl
Post,6a35374b000000000702d08d,,"世界上到底有没有这种芒果糯米特调🥹🥹🥹

#奶茶[话题]##芒果糯米饭[话题]##芒果[话题]##Tamkoko[话题]##Tamkoko泰柯茶园[话题]##泰柯茶园[话题]##芒果糯米特调[话题]#",我是O泡,安徽,3105,13,,"芒果, 奶茶",,search_contents_2026-06-24.jsonl
Post,68a2a94c000000001d013ec7,,"自制6款水果茶合集🌴｜清爽解暑🍃附教程🔥

有手就会！水果茶冰饮🍸说来就来了！
姐妹们👭快快试试这几款自制水果茶饮品
亲测都很好喝！果香四溢！清凉又解暑
天气炎热，来上一杯真的太满足了😌😌😌
	
✅食材和做法都在图片上
	
茶底我搭配的淳茶舍冷萃茶的两个口味👉茉莉花茶和玉露绿茶，偏清爽一点的口感，茶香与花香融合，敲适合我这种喜欢淡淡花香茶味的打工人👩🏻‍💼，用来DIY 饮品也很百搭，平时上班也会带着，比较忙的时候我都是单独喝~冰镇过后也很好喝哦！柔滑顺口，茶香四溢， 💯真实茶叶冷萃的，原料很安心，喝着也放心~
	
他家是通过低温慢沏的冷萃工艺，让茶叶在低温下慢慢释放精华而出来的茶汤，保留茶叶本身香味的同时，不会苦涩，而且很茶汤清新透亮，回味中还有一丝甘甜，怪不得说它有一万滴的回甘呢，爱了爱了😍
	
看了配料真的敲干净的，0️⃣糖0️⃣脂0️⃣能量，自律期/身材管理期/久坐的打工人👩🏻‍💼也能放心畅快的咕噜噜了！！！
	
#自制神仙饮品[话题]##淳茶舍一万滴的回甘[话题]# #淳茶舍冷萃茶[话题]# #淳茶舍[话题]# #无糖茶[话题]# #茉莉花茶[话题]# #淳茶舍迪丽热巴[话题]# #淳茶舍茉莉花茶[话题]# #迪丽热巴代言[话题]##DIY饮品[话题]##打工人必备[话题]##自制饮品[话题]##饮品[话题]##好喝的饮品[话题]# #茉莉花茶饮品自制[话题]# #茉莉花茶推荐[话题]# #无糖茶推荐[话题]#",陈哈哈,,2377,12,饮品,茉莉,"涩, 苦涩, 苦",search_contents_2026-06-24.jsonl
Post,6655bbb70000000016012b56,,"一口入夏很是上头！这杯芒芒百香真的超解腻

#饮品[话题]#  #饮品推荐[话题]#  #饮品教程[话题]#  #柠檬茶[话题]#  #茶饮[话题]#  #茶饮培训[话题]#  #芒果[话题]#  #芒果控[话题]#  #百香果[话题]#",一个深情的饮品师,,2281,26,饮品,芒果,,search_contents_2026-06-24.jsonl
Post,6896b674000000002301b11e,,"这杯坦白局！全世界第1️⃣好喝的芒果冰奶

救命！这杯自制冰奶也太绝了吧！！🤤
清爽芒果撞上幽香茉莉🌼
重点是这个基底奶—— 金典娟姗有机纯牛奶！
空口喝都超醇厚香浓的娟姗奶🐄
做成冰饮简直把奶香放大100倍！💥
做法巨简单👇：
芒果捣成泥打底，加满冰块，倒入金典娟姗奶，淋上茉莉花茶，就完成啦！
一口下去：芒果甜 + 茉莉香 + 爆炸级醇厚奶香！😍
冰爽丝滑，清爽不腻！
夏天续命就靠它了！冲！💨
#金典[话题]# #金典娟姗小牛[话题]# #金典娟姗有机奶[话题]# #牛奶[话题]# #自制神仙饮品[话题]# #夏日饮品[话题]# #芒果茉莉冰奶[话题]#",金典牛奶,,2141,25,饮品,"芒果茉莉, 茉莉, 芒果",,search_contents_2026-06-24.jsonl
Post,6687e8b2000000001e010d4e,,"都给我收藏！6款神仙芒果饮品配方分享！

芒果控看过来！
今天分享6款超简单的芒果饮品
奶茶店的人气爆款，做法非常简单
想开饮品店，学饮品一定要看到最后！
.
🥭芒芒百香果
芒果原浆50g
茉莉清茶160g
芒果果肉30g
百香果20g
冰块150g
果糖20ml
.
🥭芒果抹茶牛乳
芒果原浆50g
鲜奶180ml
抹茶液40ml
冰块150g
果糖20ml
.
🥭芒果奶绿
芒果果肉50g
茉莉花茶100ml
芒果浓汁60ml
奶浆100ml
果糖20ml
.
🥭芒果椰拿铁
芒果果肉50g
厚椰乳150ml
浓缩咖啡1份
冰块150g
果糖20ml
咖啡奶15ml
.
🔥深圳去哪里学奶茶饮品？
艾丽斯5天短期饮品课程，面向0基础小白，课程包含网红水果茶、冰沙、奶盖、雪顶、柠檬茶、气泡水、特色茶饮等，涵盖市面上所有热销款🔥而且教你举一反三研发更多新品
.
📒【课程内容】
1️⃣奶茶系列
2️⃣水果茶系列
3️⃣柠檬茶系列
4️⃣芝士鲜果系列
5️⃣雪顶系列
6️⃣气泡水系列
7️⃣益生菌系列
.
🌈想了解饮品课程内容
👉🏻评论区回复：1
.
#芒果控[话题]# #芒果饮品[话题]# #芒果饮品做法[话题]# #杨枝甘露[话题]# #自制神仙饮品[话题]# #夏日饮品[话题]# #饮品培训[话题]# #深圳饮品培训[话题]#",艾丽斯烘焙培训,,1925,35,饮品,"茉莉, 芒果, 椰乳, 奶茶",,search_contents_2026-06-24.jsonl
Post,6a0ed9ae00000000070227b0,,"第45天芒果柠檬打奶

这个芒果柠檬打奶比芒果椰椰还好喝！芒果脑袋直接冲就对了，喝完嘴里还留着柠檬的回甘#柠檬茶[话题]# #芒果柠檬打奶[话题]# #摆摊[话题]# #奶茶制作教程[话题]#",柠檬茶打手宗介,,1819,82,,"芒果, 奶茶",,search_contents_2026-06-24.jsonl
Post,69be7b50000000002102c54c,,"芒果茉莉冰茶‼️夏天没有这一杯真的会难过

#自制饮品[话题]# #自制神仙饮品[话题]# #芒果[话题]# #仙女都在喝什么[话题]#",77-3U,,1616,12,饮品,"芒果茉莉, 茉莉, 芒果",,search_contents_2026-06-24.jsonl
Post,68c12bce000000001d0082ac,,"茉莉奶白这杯一口给我爽到海岛了！！

茉莉奶白这杯新品真的惊艳到我了！简直好喝到离谱的程度！
一口下去，芒果的果香和奶霜的椰香萦绕在口腔挥之不去！再加上茉莉针王茶底，整体的口感又很清爽丝滑~
满满的热带海岛风味，喝了一口现在满脑子只想飞去海边度假啊啊啊啊！！
真的是又好看又好喝的一杯！答应我12号上新一定要去喝好吗！！
#茉莉奶白[话题]##茉莉奶白东方摩登茶[话题]##茉莉奶白新品[话题]##茉莉奶白针王芒芒椰[话题]##针王芒芒椰[话题]##茉莉奶白日不落小岛[话题]##芒里偷闲一口登岛[话题]#",沫沫胖成一堵墙。,,1411,69,,"茉莉, 芒果",,search_contents_2026-06-24.jsonl
Post,69aa74df000000001a031a55,,"古茗x凡人修仙传！这波谷子就该颁奖！

古茗新谷子狠狠击中我的审美，道友们看看古茗这次联名值吗～
	
#古茗[话题]# #古茗凡人修仙传动画联名[话题]# #奶茶联名[话题]# #古茗奶茶[话题]# #古茗咖啡[话题]# #古茗推荐必喝[话题]# #古茗周边[话题]# #奶茶周边[话题]# #凡人修仙传[话题]# #古茗龙井香青团[话题]# #古茗生椰拿铁[话题]# #奶茶[话题]# #二次元[话题]# #吃谷[话题]# #内容过于真实[话题]# #抽象[话题]# #搞笑[话题]# #快乐吃谷[话题]# #狠人[话题]##谷子[话题]#  #吃谷人的精神状态[话题]#",阳阳阳阳阳阳阳,,1.2万,62,,"生椰, 奶茶",,search_contents_2026-06-24.jsonl
Post,69b3db89000000001d01b25a,,"喝什么奶茶🧋嘴香vs嘴臭！！

#女生必看[话题]# #喝奶茶嘴臭[话题]# #喝奶茶嘴香[话题]# #怎么喝奶茶[话题]# #奶茶[话题]# #吃货必看[话题]# #吃商天花板[话题]# #嘴臭奶茶[话题]#",曦曦月,,7416,56,,奶茶,,search_contents_2026-06-24.jsonl
Post,6559c82c00000000320249c5,,"沉浸式做蛋糕～生椰奶茶 夹心巨丰富！

#最好吃的奶油蛋糕[话题]# #沉浸式做蛋糕[话题]# #生日蛋糕[话题]# #烘焙培训[话题]# #烘焙教学[话题]# #零基础烘焙教学[话题]#",春夏的奶油日记📒,,5699,134,,"生椰奶茶, 生椰, 奶茶",,search_contents_2026-06-24.jsonl
Post,6745b1ad000000000201894d,,"太好了！是古茗大促！我们的奶茶有救了！！

古茗你为了让我们每日一奶茶是真的宠啊！！连续七天各种活动！！这谁能顶得住🥹
11.25-11.29，12点-13点猜口令抢🆓喝
11.25-11.29，找三位好友助力就有机会得🆓单or买一S一！
11.29-12.1，小🍠还有惊喜随机掉落？！
11.30-12.1，爆款饮品买一song一！
这不得赶紧叫上奶茶搭子一起喝起来！！！！
·
✔布蕾脆脆奶芙
我愿称之为奶茶届的queen！！！
顶上是奶芙和坚果碎🌰，奶茶底一点都不甜腻！！还加了奶fufu的布蕾和很好嚼的珍珠！！就一整个口感大爆炸！！！
·
✔杨枝甘露轻盈版
这杯真的狂喝都喝不腻！
入口就是清甜的芒果香，还能吃到超多小料！口感超丰富！！
·
✔生椰抹茶麻薯
抹茶脑袋闭眼冲！！是稍微偏苦调的抹茶，搭配醇香椰乳刚刚好，底下还加了麻薯和紫米丸子，适合下午茶来一杯～
·
✔黑糖珍珠牛乳
现熬的黑糖珍珠搭配醇香牛乳，奶香味很浓郁，夹杂着黑糖的焦香🥛珍珠特别软糯好嚼！！
·
✔云岭茉莉白
喜欢纯奶茶的可以点这杯～
茉莉花茶➕牛乳，喝起来hin清爽！奶香茶香花香融合的恰到好处！
·
✔百香芒芒冰柚茶
新鲜的芒果果肉➕百香果➕柚子汁，酸酸甜甜的还能补充满满维c🥭超超超清爽的一杯！
·
#古茗[话题]# #古茗奶茶[话题]# #古茗推荐[话题]##奶茶推荐[话题]# #古茗轻乳茶[话题]# #古茗点单攻略[话题]#   #奶茶推荐必喝[话题]# #古茗口令[话题]# #古茗免单券[话题]##古茗买一送一[话题]# #布蕾脆脆奶芙[话题]##杨枝甘露轻盈版[话题]# #云岭茉莉白[话题]# #生椰抹茶麻薯[话题]##黑糖珍珠牛乳[话题]# #红岩桃胶炖奶[话题]# #红岩咸奶茶[话题]# #百香双重奏[话题]# #百香芒芒冰柚[话题]#",年糕味的芝士,,5303,53,饮品,"生椰, 椰乳, 茉莉, 芒果, 奶茶",苦,search_contents_2026-06-24.jsonl
Post,6606aa5e000000001a010bf6,,"低饱和生椰奶茶眼妆✨清透纯欲氛围感拿捏～

#眼妆[话题]# #日常眼妆怎么画[话题]# #新手眼妆[话题]# #眼妆教程[话题]#",可优 .,,4949,37,,"生椰奶茶, 生椰, 奶茶",,search_contents_2026-06-24.jsonl
Post,64b267760000000012010e7d,,"🔥卖爆的700ml白月光柠檬茶配方教程出来啦

白月光柠檬茶700毫升
做法教程：
1、雪克杯加入4片香水柠檬，少许冰块，用柠檬锤爆锤出香。
2、冰块加到650线。
3、加入250毫升越王头生椰乳，雪克均匀，即可出品啦~
	
#奶茶培训[话题]# #笔记灵感[话题]# #一起嚯奶茶[话题]# #柠檬茶[话题]# #暴打柠檬茶[话题]# #手打柠檬茶[话题]# #香水柠檬[话题]# #柠檬[话题]# #生椰乳[话题]# #茉莉椰椰[话题]# #白月光[话题]# #白月光柠檬茶[话题]# #白月光手打柠檬茶[话题]# #奶茶原料[话题]# #生打椰椰[话题]# #冰糖糖浆[话题]# #奶茶店[话题]# #人气奶茶店[话题]# #奶茶店创业[话题]# #奶茶店商用配方[话题]# #日常碎片PLOG[话题]#",乾杯茶饮,,4701,105,,"生椰, 茉莉, 椰乳, 奶茶",,search_contents_2026-06-24.jsonl
Post,675d192700000000020177a3,,"超简单‼️巨好喝的秋冬热饮搭配☕🔥

姐妹们，天冷就要喝点热乎乎的，把奶茶换成这几款秋冬热饮，健康又好喝！做法也很简单，学起来再也不用去奶茶店啦～
-
✅芋泥啵啵牛乳【芋泥、小芋圆、生椰燕麦牛奶】
✅抹茶草莓牛乳【抹茶粉、草莓酱、淡奶油、生椰燕麦牛奶】
✅南瓜西米露【南瓜、西米、生椰燕麦牛奶】
✅生椰热可可【热可可、奥利奥碎、巧克力酱、生椰燕麦牛奶】
✅红豆沙牛乳【红豆沙、生椰燕麦牛奶】
✅布蕾珍珠奶茶【珍珠、布蕾、红茶、生椰燕麦牛奶】
-
🌈具体做法参考图片噢～
	
👏🏻最近的快乐搭子--谷粒多生椰燕麦牛奶，[赞R]尊嘟好好喝！！入口丝滑醇厚，椰香浓郁，而且不会齁甜，每一口都能嚼到大颗燕麦粒，Q弹好吃，喝完很有饱腹感～
当早餐或者下午加餐都🉑！我和女鹅都很喜欢！
🧋还可以用来diy热饮甜品，口感丰富还健康，这不比去奶茶店买奶茶香多了？
-
#自制神仙饮品[话题]##自制饮品[话题]##仙女都在喝什么[话题]##生椰配燕麦扛饿真粒害[话题]# #谷粒多奶茶平替[话题]##谷粒多实现奶茶自由[话题]##谷粒多奶茶diy[话题]##下午茶[话题]##谷afternoon打工人[话题]##秋冬热饮[话题]#",💗筱哓穎💗,,3292,23,饮品,"生椰, 奶茶",,search_contents_2026-06-24.jsonl
Post,683992e6000000002101a949,,"奶茶大测评！有你喜欢的吗？

#今天喝什么[话题]# #离谱但合理[话题]# #饮料[话题]# #奶茶[话题]# #嘴臭[话题]# #口气[话题]#",泡泡芙椰,,2614,49,饮料,奶茶,,search_contents_2026-06-24.jsonl
Post,67a60888000000001800e0d0,,"2024 我真的喝了超多饮料

全自费无广
打勾是推荐
勾点是可以尝尝
打叉是不推荐
	
p1-p2的茶包很推荐 它是真的有功效 还挺好喝 桑葚那个脸黄的时候喝完第二天真变白了 所以又回购了
牛乳茉莉奶茶不推荐 味道非常的廉价
生椰奶茶我觉得很像药的味道
	
p3维维 两款豆奶我都觉得味道怪怪的 喜欢巧克力牛奶不如去买高乐高 高乐高是我理想中巧克力奶的味道
	
p4都不太推荐 这种奶茶店出的茶包都是形式大于内容 茶叶用得不太好
	
p5酸枣仁很适合吃多的时候喝 胃很舒服
	
p6新疆奶茶很香很好喝 但是和奶茶店奶茶不太一样 冲泡奶茶里面我最推荐这个
	
p7-p 8浓缩果汁是用来兑气泡水的只有甜味 不喜欢
强推山楂汁 酸酸苦苦甜甜 很开胃 我很喜欢💕 买了好多好多好多
	
p9-p10椰子水还是if好喝 它比较甜
汇源果汁有点普通 我感觉意文复合果汁好喝
	
p11柚子汁还行 它味道淡淡的 一开始感觉很普通 后来就有点上头 我可能夏天会回购
	
p12巧克力粉 对我来说太甜了 可是它很适合冬天喝 也很适合和咖啡混在一起喝
	
p13格力高扁桃仁不好喝 哈哈哈哈哈哈 难怪它打折       茉莉抹茶有点东西
	
p14麦茶推荐元气森林 上头 买了一箱喝到怕了
	
#饮料分享[话题]# #饮品爱好者[话题]# #冲泡饮品[话题]#",卷卷~,,2432,66,"饮品, 饮料","生椰, 椰子, 茉莉, 奶茶, 生椰奶茶","苦, 药",search_contents_2026-06-24.jsonl
Post,69cddeaf000000001d01b07f,,"别只懂生椰拿铁！9 款椰椰爆款配方全整理

#奶茶饮品培训[话题]# #饮品培训[话题]# #奶茶培训[话题]# #奶茶店创业[话题]# #奶茶原料[话题]#",小美免费教奶茶,,1865,38,饮品,"生椰, 奶茶",,search_contents_2026-06-24.jsonl
Post,6a16b74300000000350215d0,,"旧爱重逢❤️我的白月光回来了😭😭

#古茗[话题]##古茗泡鲁达[话题]##古茗生椰芒芒白雪[话题]##古茗推荐[话题]##古茗新品[话题]##古茗点单攻略[话题]##古茗推荐必喝[话题]##泡鲁达[话题]##古茗泡鲁达全肯定[话题]#",爱吃肉肉的肉丝~,重庆,1614,121,,生椰,,search_contents_2026-06-24.jsonl
Post,696d7505000000001a02b91b,,"古茗超全点单攻略，这几杯真的没有对手！！

1️⃣曲香茉莉
2️⃣黑糖珍珠牛乳
3️⃣提拉米苏拿铁
4️⃣奥利奥留心芝士
5️⃣抹茶布蕾
6️⃣松语乌龙
7️⃣超A芝士葡萄
8️⃣生椰抹茶麻薯
9️⃣芋泥牛乳小丸子
#给我一杯奶茶[话题]# #奶茶推荐[话题]# #一起豁奶荼[话题]#
#人气奶茶店[话题]# #古茗水果茶[话题]# #古茗奶茶[话题]#",kiki小郑,,1221,12,,"生椰, 茉莉, 奶茶",,search_contents_2026-06-24.jsonl
Post,697443ef000000001a0291c2,,"不愧是喜茶内部员工推荐！喜茶这几杯封神了

1️⃣芝芝抹茶
2️⃣冰蓝生打椰
3️⃣双柚仙粒
4️⃣超多肉芒芒甘露
5️⃣芝芝奶绿轻乳茶
6️⃣三倍厚抹
#喜茶推荐必喝[话题]# #一起嚯奶茶[话题]#",kiki小郑,,1208,10,,奶茶,,search_contents_2026-06-24.jsonl
Post,663de5d8000000001e0369b0,,"生椰抹茶🍵巨巨好喝🤣抹茶脑袋一定要试试！

今天做：生椰抹茶🍵
喝过的人都说好，抹茶脑袋当然不能错过啦～
在家就能做，不但颜值超高，好喝又简单方便！！
快推给你爱喝抹茶的姐妹🙋🏻‍♀️😋
	
#一人食吃什么[话题]##仙女都在喝什么[话题]# #好喝的饮品[话题]# #自制神仙饮品[话题]# #抹茶[话题]# #夏日必备[话题]# #夏日饮品[话题]#",哒啵Q敲好喝,,1132,31,饮品,生椰,,search_contents_2026-06-24.jsonl
Post,68cc1a56000000001101d190,,"抹茶脑袋快冲❗️超好喝的生椰抹茶教程✅

#奶茶分享[话题]# #奶茶配方[话题]# #仙女都在喝什么[话题]# #奶茶教学[话题]# #奶茶培训[话题]# #长沙奶茶培训[话题]# #自制神仙饮品[话题]# #抹茶饮品[话题]# #生椰抹茶[话题]# #饮品教程[话题]#",跟着yaya学奶茶,,1015,26,饮品,"生椰, 奶茶",,search_contents_2026-06-24.jsonl
Post,68c2c0a7000000001d01c78b,,"这杯生椰抹茶麻薯，11:00开炫，11:05空杯。。。

你一辈子就是天天喜欢抹茶的命了
早早的知道了抹茶的好，这是你的幸运。
你的气质你的品味都被抬高到了远超人类的程度，你就少走了起码一百年弯路，一个觉得抹茶好喝的人，再坏也不会坏到哪去。这就是我的人生观——抹门！
来一口 「生椰抹茶麻薯」，还是以前的味道！！正宗抹茶味，好喝晕了，升级后的米麻薯米香更浓郁口感更饱满，有咀嚼感，糯叽叽的能拉丝，再加上Q弹的丸子嚼嚼嚼，搭配抹茶生椰……真的好喝到不知天地为何物，冷热饮都好喝！
还有这杯抹茶开心椰，开心果脑袋冲这杯！！！
奶盖有96%含量开心果酱，相当于12颗果仁！！！真的hin浓郁的一杯
搭配Q弹的丸子，直接把我征服
#古茗[话题]# #古茗新品[话题]# #古茗推荐[话题]# #古茗奶茶[话题]##古茗推荐[话题]# #古茗点单攻略[话题]# #古茗鲜活好状态[话题]# #古茗抹茶[话题]##古茗生椰抹茶麻薯[话题]##古茗抹茶开心椰[话题]##一起嚯奶茶[话题]##奶茶推荐[话题]##抹茶[话题]##麻薯[话题]##奶茶[话题]##奶茶分享[话题]##下午茶甜品[话题]# #饮料日常[话题]#",是十月的娇阳,,963,79,饮料,"生椰, 奶茶",,search_contents_2026-06-24.jsonl
Post,684293e700000000230141fd,,"简单好喝的红茶生椰～🔴

#浪漫生活的记录者[话题]# #奶茶店茶底[话题]# #奶茶培训[话题]# #饮品培训[话题]# #奶茶店创业[话题]# #人气奶茶店[话题]# #新中式茶饮[话题]# #茶饮[话题]# #奶茶店[话题]# #餐饮店饮品[话题]#",长沙饮品咖啡培训-黄小雅,,958,7,饮品,"生椰, 奶茶",,search_contents_2026-06-24.jsonl
Post,69cc7fb2000000001f006650,,"被茉莉抹茶+生椰狠狠拿捏住🍵

#饮品推荐[话题]# #好喝到爆炸[话题]# #高品质饮品[话题]# #茶香果香就是好喝的真相[话题]# #抹茶控[话题]# #生椰抹茶[话题]# #制作过程分享[话题]# #饮品分享[话题]#",YAYATEA-茶饮培训,,928,2,饮品,"生椰, 茉莉",,search_contents_2026-06-24.jsonl
Post,67cc04f0000000002503c022,,"抹茶控沦陷！这杯生椰抹茶真的卷疯同行了。。。

三号椰终于带着抹茶新品杀回来了！
🍵本抹脑袋控喝完直接沦陷。。。
	
新出的的生椰抹茶更是地表最强抹茶控鉴定器！
🍵三种浓度选择：
1号清抹（奶茶党友好）：生椰乳搭配醇正抹茶，口感丝滑、清甜爽口。
2号浓抹（咖啡党平替）：抹茶味道更浓郁，入口清新茶香扑鼻！
3号苦抹（抹茶卷王の尊严）：抹茶量加倍🍃苦醇回甘超！上！头！和在日本喝到的味道真的很像！
	
🍵生椰抹巧森林
抹茶+生椰乳+巧克力液，绿棕渐变自带「苔藓森林」滤镜，发圈秒问🔗有巧克力的醇厚又有抹茶的清香，真的好绝！
	
🍵冰椰抹茶
自律党的暗号就是冰椰抹茶！大杯也才90大卡，椰青水加上抹茶，吸一口像啃了整个清爽椰子🥥好适合夏天！
	
🍵芝士春山椰子糖
液体青团即视感！先喝一口芝士奶盖，再混合底部的椰子水一起喝，奶香混合着椰香，喝完想把杯子舔干净的神奇存在！
	
3.14上新，抹茶控们蹲蹲好！
	
#三号椰[话题]##Yee3[话题]##抹茶控[话题]# #抹茶脑袋[话题]# #椰子水[话题]##给我一杯奶茶[话题]# #奶茶推荐[话题]# #夏日饮品[话题]# #春日好食光[话题]##高颜值饮品[话题]#",Carrieforu,,898,50,饮品,"椰乳, 生椰, 椰子, 奶茶",苦,search_contents_2026-06-24.jsonl
Post,66b0a3a20000000005020fb5,,"今日特调：茉莉生椰奶绿🥤

咖啡喝腻了来杯自调奶茶喝喝吧
超级简单，
有茉莉花🌸的香甜，还有椰奶🥛的浓郁奶香
#夏日饮品[话题]# #自制神仙饮品[话题]# #我的咖啡日记[话题]# #生活vlog[话题]#",是晨晨呀,,853,7,饮品,"生椰, 茉莉, 奶茶",,search_contents_2026-06-24.jsonl
Comment,66f3ce86000000002400a7eb,66e6d68b000000001e019958,椰子水真的最爱冻颜 安利了无数人,蒙奇奇,,0,0,,椰子,,search_comments_2026-06-24.jsonl
Comment,6879d48e000000000f03d9eb,6879c70c0000000012016522,幼幼奶茶桂花味的好喝,橘子🍊,,1,3,,"桂花, 奶茶",,search_comments_2026-06-24.jsonl
Comment,687a7647000000000c027d29,6879c70c0000000012016522,哇哈哈的茉莉花茶很好喝，比东方树叶好喝[偷笑R][偷笑R],一杯柠檬茶,,6,4,,茉莉,,search_comments_2026-06-24.jsonl
Comment,68933b0b000000002b02e6b2,6879c70c0000000012016522,那个龙井原来好喝吗，这个包装给人一种纯茶巨苦的感觉,联祯,,0,1,,,苦,search_comments_2026-06-24.jsonl
Comment,6824c7fc000000000702b199,68233c950000000023000660,椰子水的热量也蛮高的啊 还有钠含量也很高,Sweet mimosa,,16,11,,椰子,,search_comments_2026-06-24.jsonl
Comment,6826c83900000000070289c1,68233c950000000023000660,纯好奇： 英版的是added sugar，还是100% from coconut,its_vc,,1,7,,coconut,,search_comments_2026-06-24.jsonl
Comment,682430260000000007036061,68233c950000000023000660,今早自己做了，打了六克抹茶粉进冰镇椰子水里，一口闷，喝完一个激灵，现在大半夜的还清醒着[捂脸R],澄一,,11,1,,椰子,,search_comments_2026-06-24.jsonl
Comment,68604596000000000c026f99,68233c950000000023000660,怪不得最近沉迷椰子水的我掉秤了 哈哈哈哈,Kat,,0,0,,椰子,,search_comments_2026-06-24.jsonl
Comment,6a3949db000000000b03aea3,690db556000000000302e7f7,瓶装不喝了,不知所云,四川,0,0,瓶装,,,search_comments_2026-06-24.jsonl
Comment,690e08b300000000380170f5,690db556000000000302e7f7,目前喝到最好喝的瓶装咖啡（拿铁）,吴与伦比,,41,16,瓶装,,,search_comments_2026-06-24.jsonl
Comment,690e06800000000039024910,690db556000000000302e7f7,瓶装还是星巴克玻璃瓶的好喝一些,卓越的四季豆,,7,9,瓶装,,,search_comments_2026-06-24.jsonl
Comment,690dfa4f0000000038005644,690db556000000000302e7f7,多年购置瓶装无糖咖啡经验：炭仌、隅田川的口味是最纯的，雀巢无糖美式口感稍粘，也能喝。其余品牌基本目前没看到能喝的无糖美式瓶装咖啡。要注意，避开配料表中的白砂糖、赤藓糖醇和食用香精。,哒哒,,18,8,瓶装,,,search_comments_2026-06-24.jsonl
Comment,692a72750000000038010b7e,68c93e03000000001202148f,饮料贴纸可以撕开？！！,摆烂咸鱼,,0,1,饮料,,,search_comments_2026-06-24.jsonl
Comment,69496c8b000000001d01c27c,69492a28000000001f008695,我最爱喝的可乐是崂山可乐！介于喝中药和碳酸饮料的中和感，难受的时候喝一口感觉在喝药的幸福感谁知道啊？！,大嘴阿👄,,7,6,饮料,,药,search_comments_2026-06-24.jsonl
Comment,69bab95b00000000150051de,69baaf0b000000002301e017,我之前也喝过那个苹果茉莉的，觉得味道很怪，虽然苹果味和茉莉味都有，但是苹果味不怎么像苹果味，茉莉味不怎么像茉莉味，有一种劣质的香精味，只能说厂家不会混果茶还不如只做纯茶或者纯果汁呢,脚趾甲蹦进闺蜜鼻孔里闺蜜打喷嚏扎到我头皮屑上,,21,4,,茉莉,,search_comments_2026-06-24.jsonl
Comment,69bb694c0000000016014a37,69baaf0b000000002301e017,我觉得苹果茉莉挺好喝的,Ye,,1,0,,茉莉,,search_comments_2026-06-24.jsonl
Comment,69bc0e63000000000f01b25e,69baaf0b000000002301e017,果子熟了纯茶好喝，桂花白茶和茉莉龙井都好喝,南街北巷.,,2,1,,"桂花, 茉莉",,search_comments_2026-06-24.jsonl
Comment,69bd624f0000000014032001,69baaf0b000000002301e017,他们家所有饮料都很难喝，避雷果子熟了,刘小碟子,,19,2,饮料,,,search_comments_2026-06-24.jsonl
Comment,69bd281e00000000090370c7,69baaf0b000000002301e017,喝过橙子茉莉的，个人觉得很喜欢[笑哭R]茉莉花香淡淡的，酸甜口味,All 紫,,3,2,,茉莉,,search_comments_2026-06-24.jsonl
Comment,68f1ee8d0000000033006dfa,68f0e508000000000402a9c9,只知道薏米红豆水，没想到还可以薏米菊花茶，打开了新世界的大门。[偷笑R][偷笑R],H.Z.C宸哥,,2,0,,菊花,,search_comments_2026-06-24.jsonl
Comment,68f1ed2e000000003802c2e7,68f0e508000000000402a9c9,菊花去火那是毋庸置疑，搭配了薏米还真得要去尝一尝！,清凌水悠悠,,0,0,,菊花,,search_comments_2026-06-24.jsonl
Comment,68f614ec000000003903056c,68f0e508000000000402a9c9,看着好好喝  比自己泡菊花茶省事多了,Hilo呀,,0,0,,菊花,,search_comments_2026-06-24.jsonl
Comment,68f747550000000037027df2,68f0e508000000000402a9c9,在广东喝菊花茶就是刚需[色色R],flower chen,,0,0,,菊花,,search_comments_2026-06-24.jsonl
Comment,69b54d44000000000d03e7a7,69b16578000000001d0274ec,苹果茉莉巨难喝,kookoo酱,,36,29,,茉莉,,search_comments_2026-06-24.jsonl
Comment,69b62cea000000000d036aa6,69b16578000000001d0274ec,苹果茉莉非常难喝，芭乐青提无功无过,ᅠᅠᅠ,,6,3,,茉莉,,search_comments_2026-06-24.jsonl
Comment,66d01c6f000000000c018ab1,66c5bbdf000000001d016b7b,瓶装速溶适合懒人，但真正降级的已经在喝500克50元的雀巢速溶了[doge],隐形墨水,,128,25,瓶装,,,search_comments_2026-06-24.jsonl
Comment,69313c4c0000000016026f1f,690b1c23000000000700b61d,补充胶原蛋白还是趁早,小芳,,0,0,"胶原蛋白, 蛋白",,,search_comments_2026-06-24.jsonl
Comment,68784b970000000004014487,68760762000000000d018ebd,没用的！胶原蛋白吸收不了！,风起云涌,,4,4,"胶原蛋白, 蛋白",,,search_comments_2026-06-24.jsonl
Comment,688ca3a2000000002a00e38b,68760762000000000d018ebd,所谓胶原蛋白粉是不是妥妥的智商税？家里老人关节疼被忽悠买了一千五的[抓狂R],pluto,,0,3,"胶原蛋白, 蛋白",,,search_comments_2026-06-24.jsonl
Comment,693c0c9b000000001601e70d,693bbe4c000000001f00acff,胃口小的人增肌真的好难[哭惹R]如果要吃得健康，碳水和蛋白质根本吃不够[捂脸R]，脂肪倒是一不小心就超了,出自典故_,,59,7,蛋白,,,search_comments_2026-06-24.jsonl
Comment,693c0fa500000000380276a5,693bbe4c000000001f00acff,好羡慕国外有这种，我练后去便利店最高蛋白质的饮料be like 不超过5g/100ml[微笑R],一颗榛果,,4,6,"饮料, 蛋白",,,search_comments_2026-06-24.jsonl
Comment,693c48350000000038030574,693bbe4c000000001f00acff,现在英国很多各种蛋白质饮，可以都试一下，还有甜品布丁,聪葱聪葱,,1,2,蛋白,,,search_comments_2026-06-24.jsonl
Comment,6a27c72e0000000029011b64,6a0fe8c8000000003700f877,我在TM看到的五个女博士胶原蛋白肽，喝了一个月觉得状态好了很多,白梦zzZ,广东,0,0,"胶原蛋白, 蛋白",,,search_comments_2026-06-24.jsonl
Comment,6947c84100000000060192e6,69450866000000001e00271a,胶原蛋白饮还是太权威了,觉夏,,0,1,"胶原蛋白, 蛋白",,,search_comments_2026-06-24.jsonl
Comment,6a2238190000000028031a45,6a1fc88e000000002202ed0d,还有这种蛋白粉,johnywalker,北京,0,4,蛋白,,,search_comments_2026-06-24.jsonl
Comment,6a283669000000002300da20,6a1fc88e000000002202ed0d,生鲜蛋白喝着确实香,奇幻世界档案,广东,1,1,蛋白,,,search_comments_2026-06-24.jsonl
Comment,69ef712e0000000029035f8e,69ec75ea000000001a036869,悦果乐蛋白十刻蛋白水好喝，好看，百分之百吸收,小红薯63A48C2E,,0,2,蛋白,,,search_comments_2026-06-24.jsonl
Comment,69fd45c7000000002803de89,69ec75ea000000001a036869,"水蜜桃味的蛋白水嘛，那应该 挺好入口的[玫瑰R][害羞R]
",绾绾待青丝,,1,1,蛋白,,,search_comments_2026-06-24.jsonl
Comment,6a130d19000000002803a584,6a0d7193000000000702d0bc,对于身材管理的人士还是需要多补充蛋白。,知心难求,,0,1,蛋白,,,search_comments_2026-06-24.jsonl
Comment,6a130bec0000000027028ef7,6a0d7193000000000702d0bc,运动搭配蛋白塑形更快,彤彤,,0,1,蛋白,,,search_comments_2026-06-24.jsonl
Comment,6a130bed0000000027028f41,6a0d7193000000000702d0bc,想身材紧致，科学管理是必须补充蛋白呀,荔枝儿,,0,0,蛋白,,,search_comments_2026-06-24.jsonl
Comment,6a130c960000000029035b32,6a0d7193000000000702d0bc,合理补蛋白紧致体态,芹芹,,0,0,蛋白,,,search_comments_2026-06-24.jsonl
Comment,6a130ca5000000002b0243bd,6a0d7193000000000702d0bc,想要紧致线条，蛋白还是要不到位。,樱桃丸子🍒,,0,0,蛋白,,,search_comments_2026-06-24.jsonl
Comment,6a130bd3000000002701cd50,6a0d7193000000000702d0bc,补蛋白很重要特别是健身人士,何处飞花🌸,,0,0,蛋白,,,search_comments_2026-06-24.jsonl
Comment,69188882000000003901cdd6,690c417d0000000005011588,蛋白饮效果怎么样 有链接吗,家有仔仔哥,,0,1,蛋白,,,search_comments_2026-06-24.jsonl
Comment,6917cf820000000038014c84,690c417d0000000005011588,这个蛋白饮效果怎么样？,是奶芙吖,,0,1,蛋白,,,search_comments_2026-06-24.jsonl
Comment,68ed44e200000000380248e1,68ecddd40000000003012204,内服确实是，最有效的补充胶原蛋白的方法[棒R],小陈还在睡（深扒成分版）,,10,1,"胶原蛋白, 蛋白",,,search_comments_2026-06-24.jsonl
Comment,6a0d84e8000000002702917a,6a04436800000000370342f0,10g的蛋白质么？,姨姨减肥日记,,0,1,蛋白,,,search_comments_2026-06-24.jsonl
Comment,661f940d000000001c03ad66,661f717f00000000030222e2,茉莉花茶怎么弄？,诚匠装饰～小柯,,20,13,,茉莉,,search_comments_2026-06-24.jsonl
Comment,663a03d70000000003034e5f,661f717f00000000030222e2,刚做了，老好喝了。我用的两个小台芒，买的茉莉蜜茶，奶是旺仔，真的老好喝了，谁喝谁迷糊,啊樱🍃,,86,5,,茉莉,,search_comments_2026-06-24.jsonl
Comment,662dd4530000000013025a15,661f717f00000000030222e2,茉莉花茶是自己泡的还是东方茶叶那款，还是三块饮料茉莉蜜茶呀[害羞R],上网当皇帝,,1,2,饮料,茉莉,,search_comments_2026-06-24.jsonl
Comment,680b37f4000000001f00a10f,661f717f00000000030222e2,三得利的无糖茉莉花茶可以吗,rotioki（见过小时版）,,0,2,,茉莉,,search_comments_2026-06-24.jsonl
Comment,6650a636000000001c00ce5b,663215e1000000001e033ce1,茉莉花茶可以拿绿茶自己泡吗[笑哭R],진명옥,,0,1,,茉莉,,search_comments_2026-06-24.jsonl
Comment,664c2749000000001c00d0dd,663215e1000000001e033ce1,我对芒果过敏。,DM.,,0,1,,芒果,,search_comments_2026-06-24.jsonl
Comment,65a9cd12000000000202528d,65a4a61f000000001d034757,把奶油挤在塑料皮上，是什么操作[扶墙R],叮当,,10,3,,,塑料,search_comments_2026-06-24.jsonl
Comment,65b08730000000000103109a,65a4a61f000000001d034757,茉莉脑袋狠狠爱了，我又爱茉莉，又爱芒果[偷笑R],藤锦上,,3,2,,"茉莉, 芒果",,search_comments_2026-06-24.jsonl
Comment,684053d900000000080269ca,683ead70000000002300e4a3,柠檬泡久了不苦吗,郑在睡觉,,2,8,,,苦,search_comments_2026-06-24.jsonl
Comment,68442597000000000b02f1ea,683ead70000000002300e4a3,好幸福[害羞R][害羞R][害羞R][害羞R]芒果真的太爱了,0x_x6,,1,1,,芒果,,search_comments_2026-06-24.jsonl
Comment,68413130000000000702b6fc,683ead70000000002300e4a3,直接用自己榨芒果汁可以吗？,...,,0,1,,芒果,,search_comments_2026-06-24.jsonl
Comment,68413464000000000103f619,683ead70000000002300e4a3,没有茉莉花能用绿茶代替吗,🥣,,0,1,,茉莉,,search_comments_2026-06-24.jsonl
Comment,6849a05c000000001c036a32,683ead70000000002300e4a3,芒果芒果,多宝吃不胖,,0,0,,芒果,,search_comments_2026-06-24.jsonl
Comment,677b5bda000000001200f15a,677a56860000000013002b93,请问一下，茉莉奶冻是什么味道？,小官,,96,5,,茉莉,,search_comments_2026-06-24.jsonl
Comment,677a69e3000000001101aa9e,677a56860000000013002b93,茉莉芒果我得最爱！不敢想象这块蛋糕有多好吃[吧唧R],清风雨,,2,1,,"茉莉, 芒果",,search_comments_2026-06-24.jsonl
Comment,6a3aa6c9000000002b0038f3,698ec7f60000000016008b8e,芒果100加冰100加200茉莉茶汤加100椰奶，也超级好喝[自拍R],湖畔咖啡,四川,0,0,,"茉莉, 芒果",,search_comments_2026-06-24.jsonl
Comment,69b187d9000000001400b7c3,698ec7f60000000016008b8e,茉莉花茶可以自己泡的那种吗,一生姓胡,,2,2,,茉莉,,search_comments_2026-06-24.jsonl
Comment,6a252af1000000002b000661,698ec7f60000000016008b8e,主播是茉莉花茶还是茉莉蜜茶？,睡困小猫,吉林,0,1,,茉莉,,search_comments_2026-06-24.jsonl
Comment,698edc2b000000000503a006,698ec7f60000000016008b8e,喝过一点点的芒果冰奶[doge],Blue,,0,1,,芒果,,search_comments_2026-06-24.jsonl
Comment,6a092eb6000000002a005864,69fc3ca00000000036000096,我喜欢喝东方树叶的茉莉花,小红薯3159873972向前,,0,1,,茉莉,,search_comments_2026-06-24.jsonl
Comment,6a0386870000000028038744,69fc3ca00000000036000096,感觉。。。偷懒的可以直接用瓶装茉莉茶[doge]喜欢甜的就康师傅茉莉蜜茶，不喜欢太甜就茉莉清茶,kosmo妖妖,,4,1,瓶装,茉莉,,search_comments_2026-06-24.jsonl
Comment,6a06040a000000002803ecaf,69fc3ca00000000036000096,茉莉花茶白色的？不应该绿色？,冢不二,,1,1,,茉莉,,search_comments_2026-06-24.jsonl
Comment,6a05d6e7000000002800b0a3,69fc3ca00000000036000096,茉莉花茶可以换成东方树叶系列的不,Etc.,,0,1,,茉莉,,search_comments_2026-06-24.jsonl
Comment,6a0002dc000000002701771a,69fc3ca00000000036000096,茉莉花可以用什么代替？,懿心饼干,,0,1,,茉莉,,search_comments_2026-06-24.jsonl
Comment,69f43d410000000027023af6,69f0a353000000001b023d0a,没有买到咖奶，其它的都复刻了，20元的芒果+10块的奈雪的雪山茉莉，+子弹头香水柠檬。我个人口味觉得一般…,望闻问切的咕咕,,0,3,,"茉莉, 芒果",,search_comments_2026-06-24.jsonl
Comment,6a158e14000000002b0291a0,6a099003000000003601e770,我没有吃剩的芒果怎么办？？,马兰开花,江苏,3,1,,芒果,,search_comments_2026-06-24.jsonl
Comment,6a16e4c500000000290125e5,6a099003000000003601e770,做完芒果不好吃了，悦鲜活茉莉清茶不好喝了，,momo,山西,1,0,,"茉莉, 芒果",,search_comments_2026-06-24.jsonl
Comment,6a0d85c2000000002901a296,6a0c35bb0000000006035288,做了[吧唧R]跟奶茶店没啥区别,泡泡茶芋圆,,1,0,,奶茶,,search_comments_2026-06-24.jsonl
Comment,6a1ab1fd000000002800bbcf,6a0c35bb0000000006035288,想做芒果玻璃精的，如果芒果不够多，可以加一点糖浆。要不然不够甜,晓美焰,广西,0,0,,芒果,,search_comments_2026-06-24.jsonl
Comment,6a37e9ff000000002a005286,6a35374b000000000702d08d,我爱芒果[派对R],%,山东,0,0,,芒果,,search_comments_2026-06-24.jsonl
Comment,68c29b7d000000000a00d248,68a2a94c000000001d013ec7,之前囤了淳茶舍的茉莉花茶，觉得DIY很方便。现在看来玉露绿茶也不错，我又要去淳茶舍下单了[害羞R],浅吟低唱,,1,0,,茉莉,,search_comments_2026-06-24.jsonl
Comment,667db290000000002300e626,6655bbb70000000016012b56,直接全部下9芒果不好吗，非要再下芒果原浆，[doge],桂梅,,0,1,,芒果,,search_comments_2026-06-24.jsonl
Comment,6a1675380000000029027bb4,6a0ed9ae00000000070227b0,放皮会苦吗？,喝袄好,广西,0,1,,,苦,search_comments_2026-06-24.jsonl
Comment,6a0eeba2000000002803ec52,6a0ed9ae00000000070227b0,夏日饮品，就驻点你这里了[偷笑R],小噗噗噗,,0,1,饮品,,,search_comments_2026-06-24.jsonl
Comment,69bea2cb00000000140332cf,69be7b50000000002102c54c,好浓郁的芒果[超喜欢R][超喜欢R],星星就吃亿口✨,,0,0,,芒果,,search_comments_2026-06-24.jsonl
Comment,68c6fb9f000000000b025b77,68c12bce000000001d0082ac,里面脆脆的不知道是啥是芒果还是椰肉[微笑R],暗斑一夏,,2,2,,芒果,,search_comments_2026-06-24.jsonl
Comment,69aae62c000000000800f125,69aa74df000000001a031a55,笑死了我哥一直安利我看《凡人修仙传》，见一次安利一次，最近古茗和动画做联名，刚刚甚至过来给我送了联名奶茶,卖辣汉堡,,11,1,,奶茶,,search_comments_2026-06-24.jsonl
Comment,69aea85d0000000003011338,69aa74df000000001a031a55,我真的这样，除了奶茶联动的杯套这种东西我不用[捂脸R],齐晞,,0,1,,奶茶,,search_comments_2026-06-24.jsonl
Comment,69b3de37000000000f02c150,69b3db89000000001d01b25a,伯牙绝弦和茉莉奶绿好像是一个东西吧。,夕颜,,7,1,,茉莉,,search_comments_2026-06-24.jsonl
Comment,69b43ef5000000000d036a9a,69b3db89000000001d01b25a,茉莉奶绿和伯牙结弦不就是一个味道吗？所以喝了就不是嘴臭嘴香的。,沫沫,,1,0,,茉莉,,search_comments_2026-06-24.jsonl
